{"cameraMode":{"drawMode":0,"name":"Shaded","section":"Shading Mode"},"sceneLighting":false,"audioPlay":false,"sceneViewState":{"m_AlwaysRefresh":false,"showFog":true,"showSkybox":false,"showFlares":true,"showImageEffects":true,"showParticleSystems":true,"showVisualEffectGraphs":true,"m_FxEnabled":true},"in2DMode":false,"pivot":{"x":-5.697456359863281,"y":1.831558108329773,"z":10.203274726867676},"rotation":{"x":-0.21928328275680543,"y":-0.05295117571949959,"z":0.011919084005057812,"w":-0.9741587042808533},"size":14.655418395996094,"orthographic":false}